order_date,category_name,product_name,product_price,order_qty,total_sales,cust_email,cust_city
2/24/2020,Drone Kits,BYOD-100,54,1,54,ogottschalk7l@vinaora.com#mailto:ogottschalk7l@vinaora.com#,Minneapolis
7/23/2020,Drone Kits,BYOD-100,54,2,108,ameinerrd@google.ca#mailto:ameinerrd@google.ca#,San Francisco
8/21/2020,Drone Kits,BYOD-100,54,2,108,doliverpaullmb@vinaora.com#mailto:doliverpaullmb@vinaora.com#,Fort Wayne
9/5/2020,Drone Kits,BYOD-100,54,2,108,ymayzebv@gravatar.com#mailto:ymayzebv@gravatar.com#,Ridgely
12/28/2020,Drone Kits,BYOD-100,54,2,108,dnockb7@ycombinator.com#mailto:dnockb7@ycombinator.com#,Austin
3/16/2021,Drone Kits,BYOD-100,54,2,108,tfernhk@trellian.com#mailto:tfernhk@trellian.com#,Seattle
3/27/2021,Drone Kits,BYOD-100,54,2,108,cgrethambu@mashable.com#mailto:cgrethambu@mashable.com#,Topeka
7/16/2021,Drone Kits,BYOD-100,54,2,108,jrosgenpy@marriott.com#mailto:jrosgenpy@marriott.com#,Philadelphia
8/31/2021,Drone Kits,BYOD-100,54,2,108,tarchnl@gnu.org#mailto:tarchnl@gnu.org#,Peoria
7/30/2020,Drone Kits,BYOD-100,54,4,216,vnemchinovq7@wiley.com#mailto:vnemchinovq7@wiley.com#,Temple
8/24/2020,Drone Kits,BYOD-100,54,4,216,bjentgese8@deliciousdays.com#mailto:bjentgese8@deliciousdays.com#,Buffalo
4/7/2021,Drone Kits,BYOD-100,54,4,216,gleveringtonkq@sina.com.cn#mailto:gleveringtonkq@sina.com.cn#,Topeka
7/15/2021,Drone Kits,BYOD-100,54,4,216,bwhitemanpf@dailymail.co.uk#mailto:bwhitemanpf@dailymail.co.uk#,Spokane
10/3/2021,Drone Kits,BYOD-100,54,4,216,tprideku@1688.com#mailto:tprideku@1688.com#,Buffalo
12/28/2021,Drone Kits,BYOD-100,54,4,216,gplainak@canalblog.com#mailto:gplainak@canalblog.com#,Philadelphia
3/31/2020,Drone Kits,BYOD-100,54,3,162,gmalbon26@auda.org.au#mailto:gmalbon26@auda.org.au#,Louisville
5/13/2020,Drone Kits,BYOD-100,54,3,162,jyerbornfe@tumblr.com#mailto:jyerbornfe@tumblr.com#,Bronx
5/16/2020,Drone Kits,BYOD-100,54,3,162,cstanionpm@photobucket.com#mailto:cstanionpm@photobucket.com#,Hampton
5/19/2020,Drone Kits,BYOD-100,54,3,162,dsollettq0@1und1.de#mailto:dsollettq0@1und1.de#,Richmond
10/27/2020,Drone Kits,BYOD-100,54,3,162,akeppin4m@addtoany.com#mailto:akeppin4m@addtoany.com#,New Orleans
11/4/2020,Drone Kits,BYOD-100,54,3,162,ibelfelteo@dedecms.com#mailto:ibelfelteo@dedecms.com#,Chicago
12/4/2020,Drone Kits,BYOD-100,54,3,162,ltremellier83@hubpages.com#mailto:ltremellier83@hubpages.com#,Los Angeles
2/11/2021,Drone Kits,BYOD-100,54,3,162,genochef@networkadvertising.org#mailto:genochef@networkadvertising.org#,Zephyrhills
5/24/2021,Drone Kits,BYOD-100,54,3,162,ldomengetg1@nsw.gov.au#mailto:ldomengetg1@nsw.gov.au#,Scottsdale
6/30/2021,Drone Kits,BYOD-100,54,3,162,lgertyan@theguardian.com#mailto:lgertyan@theguardian.com#,Las Vegas
9/8/2021,Drone Kits,BYOD-100,54,3,162,jgreghik@quantcast.com#mailto:jgreghik@quantcast.com#,Tampa
9/18/2021,Drone Kits,BYOD-100,54,3,162,dwoltonay@engadget.com#mailto:dwoltonay@engadget.com#,San Diego
10/13/2021,Drone Kits,BYOD-100,54,3,162,lpetrovicr3@newyorker.com#mailto:lpetrovicr3@newyorker.com#,Roanoke
11/1/2021,Drone Kits,BYOD-100,54,3,162,aouldip@reference.com#mailto:aouldip@reference.com#,Port Charlotte
11/10/2021,Drone Kits,BYOD-100,54,3,162,ghaddock54@live.com#mailto:ghaddock54@live.com#,North Little Rock
12/25/2021,Drone Kits,BYOD-100,54,3,162,ljolleyiw@google.de#mailto:ljolleyiw@google.de#,Miami
7/3/2020,Drone Kits,BYOD-100,54,6,324,stwintermanbg@e-recht24.de#mailto:stwintermanbg@e-recht24.de#,Atlanta
5/30/2021,Drone Kits,BYOD-100,54,6,324,ltippettsfq@aol.com#mailto:ltippettsfq@aol.com#,Harrisburg
12/5/2021,Drone Kits,BYOD-100,54,6,324,gbaldacchiaj@prnewswire.com#mailto:gbaldacchiaj@prnewswire.com#,Bronx
1/2/2020,Drone Kits,BYOD-100,54,5,270,jzellick84@ustream.tv#mailto:jzellick84@ustream.tv#,Washington
2/18/2020,Drone Kits,BYOD-100,54,5,270,rmateikogg@merriam-webster.com#mailto:rmateikogg@merriam-webster.com#,El Paso
6/22/2020,Drone Kits,BYOD-100,54,5,270,rrings8c@ovh.net#mailto:rrings8c@ovh.net#,Rockford
7/21/2020,Drone Kits,BYOD-100,54,5,270,lholburybk@furl.net#mailto:lholburybk@furl.net#,Charlotte
1/15/2021,Drone Kits,BYOD-100,54,5,270,agawthrope1v@intel.com#mailto:agawthrope1v@intel.com#,Jacksonville
2/15/2021,Drone Kits,BYOD-100,54,5,270,dpennellsju@businessweek.com#mailto:dpennellsju@businessweek.com#,Tucson
3/14/2021,Drone Kits,BYOD-100,54,5,270,gmasic8k@whitehouse.gov#mailto:gmasic8k@whitehouse.gov#,Greeley
6/29/2021,Drone Kits,BYOD-100,54,5,270,pwallmanam@booking.com#mailto:pwallmanam@booking.com#,Stamford
9/21/2021,Drone Kits,BYOD-100,54,5,270,dtorrecilla46@indiegogo.com#mailto:dtorrecilla46@indiegogo.com#,Charlotte
1/22/2020,Drone Kits,BYOD-200,58.95,5,294.75,bsimperl7@amazon.co.uk#mailto:bsimperl7@amazon.co.uk#,Bronx
8/17/2020,Drone Kits,BYOD-200,58.95,5,294.75,jwileyh2@wordpress.com#mailto:jwileyh2@wordpress.com#,Huntington
9/10/2020,Drone Kits,BYOD-200,58.95,5,294.75,aalyokhinho@imageshack.us#mailto:aalyokhinho@imageshack.us#,Philadelphia
9/15/2020,Drone Kits,BYOD-200,58.95,5,294.75,achantrell7i@pagesperso-orange.fr#mailto:achantrell7i@pagesperso-orange.fr#,Lincoln
1/24/2021,Drone Kits,BYOD-200,58.95,5,294.75,clowth9p@rakuten.co.jp#mailto:clowth9p@rakuten.co.jp#,New York City
3/9/2021,Drone Kits,BYOD-200,58.95,5,294.75,mdibenn6@blogger.com#mailto:mdibenn6@blogger.com#,Sarasota
6/3/2021,Drone Kits,BYOD-200,58.95,5,294.75,ascarsbrooke6g@bloglovin.com#mailto:ascarsbrooke6g@bloglovin.com#,Jackson
11/8/2021,Drone Kits,BYOD-200,58.95,5,294.75,rbaswall9t@topsy.com#mailto:rbaswall9t@topsy.com#,Staten Island
2/5/2020,Drone Kits,BYOD-200,58.95,3,176.85,wconybearoy@webnode.com#mailto:wconybearoy@webnode.com#,Austin
3/24/2020,Drone Kits,BYOD-200,58.95,3,176.85,dgeockleoi@wiley.com#mailto:dgeockleoi@wiley.com#,Ocala
5/12/2020,Drone Kits,BYOD-200,58.95,3,176.85,yalthrop8n@google.co.jp#mailto:yalthrop8n@google.co.jp#,Milwaukee
5/17/2020,Drone Kits,BYOD-200,58.95,3,176.85,bfroomq@acquirethisname.com#mailto:bfroomq@acquirethisname.com#,Salt Lake City
10/19/2020,Drone Kits,BYOD-200,58.95,3,176.85,adavidih9@vinaora.com#mailto:adavidih9@vinaora.com#,New Hyde Park
11/11/2020,Drone Kits,BYOD-200,58.95,3,176.85,llockner5c@pen.io#mailto:llockner5c@pen.io#,Lubbock
2/1/2021,Drone Kits,BYOD-200,58.95,3,176.85,iweddeburn4p@ocn.ne.jp#mailto:iweddeburn4p@ocn.ne.jp#,Harrisburg
2/21/2021,Drone Kits,BYOD-200,58.95,3,176.85,bcasier9v@tamu.edu#mailto:bcasier9v@tamu.edu#,Whittier
3/30/2021,Drone Kits,BYOD-200,58.95,3,176.85,bhoys51@smh.com.au#mailto:bhoys51@smh.com.au#,Rochester
5/6/2021,Drone Kits,BYOD-200,58.95,3,176.85,rbarfflh@oracle.com#mailto:rbarfflh@oracle.com#,Houston
6/28/2021,Drone Kits,BYOD-200,58.95,3,176.85,sevason91@berkeley.edu#mailto:sevason91@berkeley.edu#,Pittsburgh
9/10/2021,Drone Kits,BYOD-200,58.95,3,176.85,gharrild56@sogou.com#mailto:gharrild56@sogou.com#,Amarillo
10/17/2021,Drone Kits,BYOD-200,58.95,3,176.85,hgrigs3y@microsoft.com#mailto:hgrigs3y@microsoft.com#,Boston
10/19/2021,Drone Kits,BYOD-200,58.95,3,176.85,vbeals8s@t.co#mailto:vbeals8s@t.co#,Topeka
12/28/2021,Drone Kits,BYOD-200,58.95,3,176.85,astampir@gizmodo.com#mailto:astampir@gizmodo.com#,Phoenix
2/9/2020,Drone Kits,BYOD-200,58.95,6,353.7,ldambrogiij@merriam-webster.com#mailto:ldambrogiij@merriam-webster.com#,Columbia
6/4/2020,Drone Kits,BYOD-200,58.95,6,353.7,gkittokf@icq.com#mailto:gkittokf@icq.com#,Wichita
9/22/2020,Drone Kits,BYOD-200,58.95,6,353.7,utourrylr@delicious.com#mailto:utourrylr@delicious.com#,Waco
12/28/2020,Drone Kits,BYOD-200,58.95,6,353.7,dkainzh6@freewebs.com#mailto:dkainzh6@freewebs.com#,Albany
8/21/2021,Drone Kits,BYOD-200,58.95,6,353.7,mrollingsonjl@miibeian.gov.cn#mailto:mrollingsonjl@miibeian.gov.cn#,Tyler
12/28/2021,Drone Kits,BYOD-200,58.95,6,353.7,dburnistondv@nymag.com#mailto:dburnistondv@nymag.com#,Evansville
11/4/2020,Drone Kits,BYOD-200,58.95,1,58.95,eceney3@odnoklassniki.ru#mailto:eceney3@odnoklassniki.ru#,Maple Plain
11/11/2020,Drone Kits,BYOD-200,58.95,1,58.95,bshavelo8@ihg.com#mailto:bshavelo8@ihg.com#,Atlanta
1/16/2020,Drone Kits,BYOD-200,58.95,2,117.9,abrabyndc@dailymail.co.uk#mailto:abrabyndc@dailymail.co.uk#,Syracuse
2/3/2020,Drone Kits,BYOD-200,58.95,2,117.9,ggallene1@moonfruit.com#mailto:ggallene1@moonfruit.com#,San Antonio
3/2/2020,Drone Kits,BYOD-200,58.95,2,117.9,eblackader1@timesonline.co.uk#mailto:eblackader1@timesonline.co.uk#,Stockton
3/6/2020,Drone Kits,BYOD-200,58.95,2,117.9,rkeelanoc@yolasite.com#mailto:rkeelanoc@yolasite.com#,Trenton
5/4/2020,Drone Kits,BYOD-200,58.95,2,117.9,kmarshfieldcs@jiathis.com#mailto:kmarshfieldcs@jiathis.com#,Davenport
6/2/2020,Drone Kits,BYOD-200,58.95,2,117.9,gbrunigesq5@soup.io#mailto:gbrunigesq5@soup.io#,Winston Salem
6/19/2021,Drone Kits,BYOD-200,58.95,2,117.9,adavidih9@vinaora.com#mailto:adavidih9@vinaora.com#,New Hyde Park
11/7/2021,Drone Kits,BYOD-200,58.95,2,117.9,hthewqd@hhs.gov#mailto:hthewqd@hhs.gov#,Bethesda
3/25/2020,Drone Kits,BYOD-200,58.95,4,235.8,amcgeorgeog@wp.com#mailto:amcgeorgeog@wp.com#,Joliet
5/28/2020,Drone Kits,BYOD-200,58.95,4,235.8,vcosteb2@umn.edu#mailto:vcosteb2@umn.edu#,Grand Rapids
7/1/2020,Drone Kits,BYOD-200,58.95,4,235.8,aloniep3@pinterest.com#mailto:aloniep3@pinterest.com#,Bellevue
8/11/2020,Drone Kits,BYOD-200,58.95,4,235.8,clotse8@arizona.edu#mailto:clotse8@arizona.edu#,Houston
8/24/2020,Drone Kits,BYOD-200,58.95,4,235.8,fcaseroes@cnet.com#mailto:fcaseroes@cnet.com#,Peoria
8/31/2020,Drone Kits,BYOD-200,58.95,4,235.8,acorneyoq@uol.com.br#mailto:acorneyoq@uol.com.br#,Columbia
9/16/2020,Drone Kits,BYOD-200,58.95,4,235.8,mmcconnell2h@ning.com#mailto:mmcconnell2h@ning.com#,Prescott
9/22/2020,Drone Kits,BYOD-200,58.95,4,235.8,lbleakley86@w3.org#mailto:lbleakley86@w3.org#,Saint Louis
9/30/2020,Drone Kits,BYOD-200,58.95,4,235.8,mbodessondq@admin.ch#mailto:mbodessondq@admin.ch#,Rochester
1/19/2021,Drone Kits,BYOD-200,58.95,4,235.8,ktipplekm@chicagotribune.com#mailto:ktipplekm@chicagotribune.com#,Detroit
1/30/2021,Drone Kits,BYOD-200,58.95,4,235.8,dshalloo5i@redcross.org#mailto:dshalloo5i@redcross.org#,Yakima
7/8/2021,Drone Kits,BYOD-200,58.95,4,235.8,mstovin3z@indiegogo.com#mailto:mstovin3z@indiegogo.com#,Houston
8/11/2021,Drone Kits,BYOD-200,58.95,4,235.8,jsethkt@google.fr#mailto:jsethkt@google.fr#,Houston
1/1/2020,Drone Kits,BYOD-220,69,1,69,edew@nba.com#mailto:edew@nba.com#,Honolulu
12/8/2020,Drone Kits,BYOD-220,69,1,69,vhawsii@engadget.com#mailto:vhawsii@engadget.com#,Sacramento
1/16/2021,Drone Kits,BYOD-220,69,1,69,pjermeyqp@hugedomains.com#mailto:pjermeyqp@hugedomains.com#,Santa Fe
2/8/2021,Drone Kits,BYOD-220,69,1,69,gtolomioo@ebay.co.uk#mailto:gtolomioo@ebay.co.uk#,Lexington
9/14/2021,Drone Kits,BYOD-220,69,1,69,gpritchett9i@wikipedia.org#mailto:gpritchett9i@wikipedia.org#,Jackson
11/12/2021,Drone Kits,BYOD-220,69,1,69,rkeelanoc@yolasite.com#mailto:rkeelanoc@yolasite.com#,Trenton
5/7/2020,Drone Kits,BYOD-220,69,2,138,tcharette2c@google.com.br#mailto:tcharette2c@google.com.br#,Akron
2/9/2021,Drone Kits,BYOD-220,69,2,138,faron9f@51.la#mailto:faron9f@51.la#,San Diego
2/22/2021,Drone Kits,BYOD-220,69,2,138,arelfro@dion.ne.jp#mailto:arelfro@dion.ne.jp#,Pittsburgh
4/21/2021,Drone Kits,BYOD-220,69,2,138,ythies3y@digg.com#mailto:ythies3y@digg.com#,Las Cruces
5/13/2021,Drone Kits,BYOD-220,69,2,138,akieranps@naver.com#mailto:akieranps@naver.com#,Birmingham
6/22/2021,Drone Kits,BYOD-220,69,2,138,fcaseroes@cnet.com#mailto:fcaseroes@cnet.com#,Peoria
12/5/2021,Drone Kits,BYOD-220,69,2,138,dhallard4v@admin.ch#mailto:dhallard4v@admin.ch#,Lynchburg
2/12/2020,Drone Kits,BYOD-220,69,4,276,kbrewittgf@mac.com#mailto:kbrewittgf@mac.com#,Flint
5/4/2020,Drone Kits,BYOD-220,69,4,276,tlynock21@wunderground.com#mailto:tlynock21@wunderground.com#,Chico
6/20/2020,Drone Kits,BYOD-220,69,4,276,mshrubsallpf@psu.edu#mailto:mshrubsallpf@psu.edu#,Louisville
6/25/2020,Drone Kits,BYOD-220,69,4,276,pgrigoroni8x@nbcnews.com#mailto:pgrigoroni8x@nbcnews.com#,Bronx
7/21/2020,Drone Kits,BYOD-220,69,4,276,sgildeah4@github.io#mailto:sgildeah4@github.io#,Fort Wayne
8/24/2020,Drone Kits,BYOD-220,69,4,276,vde2y@sciencedirect.com#mailto:vde2y@sciencedirect.com#,Philadelphia
10/9/2020,Drone Kits,BYOD-220,69,4,276,agrzelewskimt@intel.com#mailto:agrzelewskimt@intel.com#,Tucson
3/5/2021,Drone Kits,BYOD-220,69,4,276,bscoginm3@yelp.com#mailto:bscoginm3@yelp.com#,Saint Louis
3/21/2021,Drone Kits,BYOD-220,69,4,276,ngoolden9s@slashdot.org#mailto:ngoolden9s@slashdot.org#,Rochester
3/28/2021,Drone Kits,BYOD-220,69,4,276,bgraceg3@nih.gov#mailto:bgraceg3@nih.gov#,Grand Junction
5/28/2021,Drone Kits,BYOD-220,69,4,276,ggoodere4q@scientificamerican.com#mailto:ggoodere4q@scientificamerican.com#,Omaha
8/13/2021,Drone Kits,BYOD-220,69,4,276,ydunton8s@joomla.org#mailto:ydunton8s@joomla.org#,Hartford
9/11/2021,Drone Kits,BYOD-220,69,4,276,cchimentieu@discovery.com#mailto:cchimentieu@discovery.com#,Albany
3/26/2020,Drone Kits,BYOD-220,69,5,345,tburnhamsqb@deviantart.com#mailto:tburnhamsqb@deviantart.com#,Baltimore
4/14/2020,Drone Kits,BYOD-220,69,5,345,kgeneryda@howstuffworks.com#mailto:kgeneryda@howstuffworks.com#,Louisville
6/7/2020,Drone Kits,BYOD-220,69,5,345,fpatesel7u@slideshare.net#mailto:fpatesel7u@slideshare.net#,Huntington
8/4/2020,Drone Kits,BYOD-220,69,5,345,mpourvoieure0@weibo.com#mailto:mpourvoieure0@weibo.com#,Fort Pierce
11/18/2020,Drone Kits,BYOD-220,69,5,345,pgoatman7m@alibaba.com#mailto:pgoatman7m@alibaba.com#,El Paso
2/2/2021,Drone Kits,BYOD-220,69,5,345,abyrthrb@mac.com#mailto:abyrthrb@mac.com#,Corpus Christi
9/10/2021,Drone Kits,BYOD-220,69,5,345,emcmurdore@ifeng.com#mailto:emcmurdore@ifeng.com#,Topeka
9/17/2021,Drone Kits,BYOD-220,69,5,345,swaddingham6c@businessweek.com#mailto:swaddingham6c@businessweek.com#,Prescott
10/15/2021,Drone Kits,BYOD-220,69,5,345,sgriswood9u@forbes.com#mailto:sgriswood9u@forbes.com#,San Diego
1/6/2020,Drone Kits,BYOD-220,69,3,207,ocuthbertp9@indiatimes.com#mailto:ocuthbertp9@indiatimes.com#,Mobile
5/26/2020,Drone Kits,BYOD-220,69,3,207,ssein9u@unesco.org#mailto:ssein9u@unesco.org#,Omaha
9/26/2020,Drone Kits,BYOD-220,69,3,207,fuebeli@army.mil#mailto:fuebeli@army.mil#,Lima
9/26/2020,Drone Kits,BYOD-220,69,3,207,enestle3o@mac.com#mailto:enestle3o@mac.com#,Jamaica
10/29/2020,Drone Kits,BYOD-220,69,3,207,rkediebz@uol.com.br#mailto:rkediebz@uol.com.br#,Virginia Beach
12/5/2020,Drone Kits,BYOD-220,69,3,207,pgrigoroni8x@nbcnews.com#mailto:pgrigoroni8x@nbcnews.com#,Bronx
2/13/2021,Drone Kits,BYOD-220,69,3,207,aarendsenpl@state.tx.us#mailto:aarendsenpl@state.tx.us#,Prescott
3/24/2021,Drone Kits,BYOD-220,69,3,207,tmandersonr7@patch.com#mailto:tmandersonr7@patch.com#,San Antonio
3/25/2021,Drone Kits,BYOD-220,69,3,207,jcratkx@unc.edu#mailto:jcratkx@unc.edu#,Philadelphia
4/1/2021,Drone Kits,BYOD-220,69,3,207,cklemenzmn@ezinearticles.com#mailto:cklemenzmn@ezinearticles.com#,Oakland
5/25/2021,Drone Kits,BYOD-220,69,3,207,jdobbinson6o@globo.com#mailto:jdobbinson6o@globo.com#,Odessa
7/12/2021,Drone Kits,BYOD-220,69,3,207,mspencerj5@unblog.fr#mailto:mspencerj5@unblog.fr#,Seattle
7/17/2021,Drone Kits,BYOD-220,69,3,207,lbaythropbi@dmoz.org#mailto:lbaythropbi@dmoz.org#,San Antonio
10/23/2021,Drone Kits,BYOD-220,69,3,207,jjohnesgq@ca.gov#mailto:jjohnesgq@ca.gov#,North Port
12/27/2021,Drone Kits,BYOD-220,69,3,207,challiburtonjx@wordpress.com#mailto:challiburtonjx@wordpress.com#,Anchorage
4/3/2020,Drone Kits,BYOD-220,69,6,414,cseear5f@mashable.com#mailto:cseear5f@mashable.com#,Akron
6/6/2021,Drone Kits,BYOD-220,69,6,414,idurnillms@vinaora.com#mailto:idurnillms@vinaora.com#,Fresno
11/21/2021,Drone Kits,BYOD-220,69,6,414,jsumpner5u@google.com.au#mailto:jsumpner5u@google.com.au#,Miami
12/19/2021,Drone Kits,BYOD-220,69,6,414,sfeifer3z@mit.edu#mailto:sfeifer3z@mit.edu#,Tampa
2/5/2020,Drone Kits,BYOD-300,89,2,178,thousecroftfp@taobao.com#mailto:thousecroftfp@taobao.com#,Cincinnati
7/14/2020,Drone Kits,BYOD-300,89,2,178,dtorrecilla46@indiegogo.com#mailto:dtorrecilla46@indiegogo.com#,Charlotte
10/2/2020,Drone Kits,BYOD-300,89,2,178,wclamptonjc@pen.io#mailto:wclamptonjc@pen.io#,Nashville
10/15/2020,Drone Kits,BYOD-300,89,2,178,bbarthode@sina.com.cn#mailto:bbarthode@sina.com.cn#,Long Beach
1/24/2021,Drone Kits,BYOD-300,89,2,178,gbourhill5q@woothemes.com#mailto:gbourhill5q@woothemes.com#,Houston
1/24/2021,Drone Kits,BYOD-300,89,2,178,nlyptradels@usa.gov#mailto:nlyptradels@usa.gov#,El Paso
1/27/2021,Drone Kits,BYOD-300,89,2,178,wtippelldy@cdc.gov#mailto:wtippelldy@cdc.gov#,Los Angeles
4/30/2021,Drone Kits,BYOD-300,89,2,178,lfanninou@tinypic.com#mailto:lfanninou@tinypic.com#,Fairfax
5/18/2021,Drone Kits,BYOD-300,89,2,178,bfoortdl@vimeo.com#mailto:bfoortdl@vimeo.com#,Philadelphia
5/18/2021,Drone Kits,BYOD-300,89,2,178,dhallard4v@admin.ch#mailto:dhallard4v@admin.ch#,Lynchburg
8/7/2021,Drone Kits,BYOD-300,89,2,178,wclamptonjc@pen.io#mailto:wclamptonjc@pen.io#,Nashville
8/28/2021,Drone Kits,BYOD-300,89,2,178,xhulle6v@shinystat.com#mailto:xhulle6v@shinystat.com#,Charlotte
2/20/2020,Drone Kits,BYOD-300,89,4,356,cciobutaru6v@netlog.com#mailto:cciobutaru6v@netlog.com#,Charlotte
6/19/2020,Drone Kits,BYOD-300,89,4,356,kduesbury8d@tripod.com#mailto:kduesbury8d@tripod.com#,Seattle
6/22/2020,Drone Kits,BYOD-300,89,4,356,cschultca@economist.com#mailto:cschultca@economist.com#,Cincinnati
8/9/2020,Drone Kits,BYOD-300,89,4,356,bhegden7x@scientificamerican.com#mailto:bhegden7x@scientificamerican.com#,Newark
9/30/2020,Drone Kits,BYOD-300,89,4,356,gcraiseo1@weibo.com#mailto:gcraiseo1@weibo.com#,Rochester
10/30/2020,Drone Kits,BYOD-300,89,4,356,cpoole8a@europa.eu#mailto:cpoole8a@europa.eu#,Baltimore
2/16/2021,Drone Kits,BYOD-300,89,4,356,mbaumer2@wikispaces.com#mailto:mbaumer2@wikispaces.com#,Denver
3/1/2021,Drone Kits,BYOD-300,89,4,356,sojf@businessinsider.com#mailto:sojf@businessinsider.com#,Omaha
11/22/2021,Drone Kits,BYOD-300,89,4,356,niglesia2s@stumbleupon.com#mailto:niglesia2s@stumbleupon.com#,Prescott
12/6/2021,Drone Kits,BYOD-300,89,4,356,fphebee40@seattletimes.com#mailto:fphebee40@seattletimes.com#,South Bend
12/15/2021,Drone Kits,BYOD-300,89,4,356,tzimmerman1p@multiply.com#mailto:tzimmerman1p@multiply.com#,Lexington
3/1/2020,Drone Kits,BYOD-300,89,3,267,mbermingham2d@php.net#mailto:mbermingham2d@php.net#,Chico
3/6/2020,Drone Kits,BYOD-300,89,3,267,vilyinskioe@amazonaws.com#mailto:vilyinskioe@amazonaws.com#,Oklahoma City
8/10/2020,Drone Kits,BYOD-300,89,3,267,rbaswall9t@topsy.com#mailto:rbaswall9t@topsy.com#,Staten Island
10/1/2020,Drone Kits,BYOD-300,89,3,267,gbeadel7t@spiegel.de#mailto:gbeadel7t@spiegel.de#,Durham
10/2/2020,Drone Kits,BYOD-300,89,3,267,bsheerinu@php.net#mailto:bsheerinu@php.net#,San Luis Obispo
2/1/2021,Drone Kits,BYOD-300,89,3,267,ecleworthcq@hp.com#mailto:ecleworthcq@hp.com#,Columbus
3/17/2021,Drone Kits,BYOD-300,89,3,267,bwhitemanpf@dailymail.co.uk#mailto:bwhitemanpf@dailymail.co.uk#,Spokane
4/8/2021,Drone Kits,BYOD-300,89,3,267,jann7r@arizona.edu#mailto:jann7r@arizona.edu#,Washington
7/30/2021,Drone Kits,BYOD-300,89,3,267,iasman6a@wired.com#mailto:iasman6a@wired.com#,Pasadena
9/2/2021,Drone Kits,BYOD-300,89,3,267,wgallager55@drupal.org#mailto:wgallager55@drupal.org#,Oklahoma City
9/3/2021,Drone Kits,BYOD-300,89,3,267,mmeneerkx@symantec.com#mailto:mmeneerkx@symantec.com#,Daytona Beach
10/19/2021,Drone Kits,BYOD-300,89,3,267,awalshj1@dell.com#mailto:awalshj1@dell.com#,Mesa
12/26/2021,Drone Kits,BYOD-300,89,3,267,abernaertc9@newyorker.com#mailto:abernaertc9@newyorker.com#,Albuquerque
4/20/2020,Drone Kits,BYOD-300,89,6,534,dhaddy14@slate.com#mailto:dhaddy14@slate.com#,Wichita
5/21/2020,Drone Kits,BYOD-300,89,6,534,jdowlingn3@google.it#mailto:jdowlingn3@google.it#,Saginaw
7/7/2020,Drone Kits,BYOD-300,89,6,534,ahattersleyiy@hao123.com#mailto:ahattersleyiy@hao123.com#,Omaha
7/10/2020,Drone Kits,BYOD-300,89,6,534,rmcfeatgj@skyrock.com#mailto:rmcfeatgj@skyrock.com#,New York City
1/16/2021,Drone Kits,BYOD-300,89,6,534,fwardroperhw@domainmarket.com#mailto:fwardroperhw@domainmarket.com#,Riverside
4/1/2021,Drone Kits,BYOD-300,89,6,534,sheis9c@blogtalkradio.com#mailto:sheis9c@blogtalkradio.com#,Denver
8/25/2020,Drone Kits,BYOD-300,89,5,445,bkemet2w@nbcnews.com#mailto:bkemet2w@nbcnews.com#,Chicago
10/11/2020,Drone Kits,BYOD-300,89,5,445,bmacdermottpj@flickr.com#mailto:bmacdermottpj@flickr.com#,Muncie
5/12/2021,Drone Kits,BYOD-300,89,5,445,scawstoni0@imgur.com#mailto:scawstoni0@imgur.com#,Pasadena
6/10/2021,Drone Kits,BYOD-300,89,5,445,bbeathemd8@themeforest.net#mailto:bbeathemd8@themeforest.net#,Atlanta
1/16/2020,Drone Kits,BYOD-350,89.95,5,449.75,acudmore4i@artisteer.com#mailto:acudmore4i@artisteer.com#,Chattanooga
2/20/2020,Drone Kits,BYOD-350,89.95,5,449.75,clanneyiu@imdb.com#mailto:clanneyiu@imdb.com#,Canton
3/2/2020,Drone Kits,BYOD-350,89.95,5,449.75,nkippax2j@auda.org.au#mailto:nkippax2j@auda.org.au#,Washington
4/14/2020,Drone Kits,BYOD-350,89.95,5,449.75,vmoretonpv@google.co.jp#mailto:vmoretonpv@google.co.jp#,Las Vegas
6/1/2020,Drone Kits,BYOD-350,89.95,5,449.75,bleek@creativecommons.org#mailto:bleek@creativecommons.org#,Memphis
6/25/2020,Drone Kits,BYOD-350,89.95,5,449.75,ccorderkv@bluehost.com#mailto:ccorderkv@bluehost.com#,Farmington
11/15/2020,Drone Kits,BYOD-350,89.95,5,449.75,alawtieeu@networksolutions.com#mailto:alawtieeu@networksolutions.com#,Buffalo
11/23/2020,Drone Kits,BYOD-350,89.95,5,449.75,hbrisleygo@telegraph.co.uk#mailto:hbrisleygo@telegraph.co.uk#,Omaha
11/27/2021,Drone Kits,BYOD-350,89.95,5,449.75,jgluyasrl@cdc.gov#mailto:jgluyasrl@cdc.gov#,Troy
11/28/2021,Drone Kits,BYOD-350,89.95,5,449.75,mtwydell6r@bravesites.com#mailto:mtwydell6r@bravesites.com#,Fort Worth
12/10/2021,Drone Kits,BYOD-350,89.95,5,449.75,hdunnetix@slideshare.net#mailto:hdunnetix@slideshare.net#,Riverside
1/3/2020,Drone Kits,BYOD-350,89.95,3,269.85,bbockhc0@jimdo.com#mailto:bbockhc0@jimdo.com#,Torrance
1/19/2020,Drone Kits,BYOD-350,89.95,3,269.85,esilmanri@indiegogo.com#mailto:esilmanri@indiegogo.com#,San Antonio
4/4/2020,Drone Kits,BYOD-350,89.95,3,269.85,bsoalqt@chicagotribune.com#mailto:bsoalqt@chicagotribune.com#,Durham
4/9/2020,Drone Kits,BYOD-350,89.95,3,269.85,smahomet19@thetimes.co.uk#mailto:smahomet19@thetimes.co.uk#,Louisville
6/19/2020,Drone Kits,BYOD-350,89.95,3,269.85,gbonde90@vimeo.com#mailto:gbonde90@vimeo.com#,San Francisco
7/10/2020,Drone Kits,BYOD-350,89.95,3,269.85,jpaug4@wordpress.org#mailto:jpaug4@wordpress.org#,Miami
7/11/2020,Drone Kits,BYOD-350,89.95,3,269.85,aabryaw@hibu.com#mailto:aabryaw@hibu.com#,Long Beach
11/19/2020,Drone Kits,BYOD-350,89.95,3,269.85,jmatignon7o@dailymotion.com#mailto:jmatignon7o@dailymotion.com#,El Paso
6/6/2021,Drone Kits,BYOD-350,89.95,3,269.85,isorohr@symantec.com#mailto:isorohr@symantec.com#,Sioux Falls
9/18/2021,Drone Kits,BYOD-350,89.95,3,269.85,bkleanthousre@ox.ac.uk#mailto:bkleanthousre@ox.ac.uk#,Evansville
10/1/2021,Drone Kits,BYOD-350,89.95,3,269.85,bhaycock23@kickstarter.com#mailto:bhaycock23@kickstarter.com#,Sioux Falls
9/1/2020,Drone Kits,BYOD-350,89.95,6,539.7,cpoole8a@europa.eu#mailto:cpoole8a@europa.eu#,Baltimore
11/7/2020,Drone Kits,BYOD-350,89.95,6,539.7,wspark10@mashable.com#mailto:wspark10@mashable.com#,Reston
1/19/2021,Drone Kits,BYOD-350,89.95,6,539.7,vde2y@sciencedirect.com#mailto:vde2y@sciencedirect.com#,Philadelphia
4/11/2021,Drone Kits,BYOD-350,89.95,6,539.7,ecapron4l@tripadvisor.com#mailto:ecapron4l@tripadvisor.com#,Chicago
10/31/2020,Drone Kits,BYOD-350,89.95,1,89.95,bdrewclifton8y@nps.gov#mailto:bdrewclifton8y@nps.gov#,Inglewood
10/21/2021,Drone Kits,BYOD-350,89.95,1,89.95,wortigerp5@noaa.gov#mailto:wortigerp5@noaa.gov#,Hartford
4/5/2020,Drone Kits,BYOD-350,89.95,2,179.9,bbartosch86@admin.ch#mailto:bbartosch86@admin.ch#,Duluth
5/24/2020,Drone Kits,BYOD-350,89.95,2,179.9,dhachette2u@gizmodo.com#mailto:dhachette2u@gizmodo.com#,Madison
6/14/2020,Drone Kits,BYOD-350,89.95,2,179.9,pcubuzzi4z@studiopress.com#mailto:pcubuzzi4z@studiopress.com#,Schenectady
7/15/2020,Drone Kits,BYOD-350,89.95,2,179.9,iashleeqv@tumblr.com#mailto:iashleeqv@tumblr.com#,Toledo
1/25/2021,Drone Kits,BYOD-350,89.95,2,179.9,dhoultek@exblog.jp#mailto:dhoultek@exblog.jp#,Los Angeles
2/20/2021,Drone Kits,BYOD-350,89.95,2,179.9,bpettisallnx@usatoday.com#mailto:bpettisallnx@usatoday.com#,San Antonio
3/3/2021,Drone Kits,BYOD-350,89.95,2,179.9,dbabber48@nytimes.com#mailto:dbabber48@nytimes.com#,San Francisco
6/17/2021,Drone Kits,BYOD-350,89.95,2,179.9,imcshirrie2f@squidoo.com#mailto:imcshirrie2f@squidoo.com#,Hot Springs National Park
10/24/2021,Drone Kits,BYOD-350,89.95,2,179.9,tprideku@1688.com#mailto:tprideku@1688.com#,Buffalo
1/4/2020,Drone Kits,BYOD-350,89.95,4,359.8,croylede@dot.gov#mailto:croylede@dot.gov#,Virginia Beach
5/24/2020,Drone Kits,BYOD-350,89.95,4,359.8,dlinzee4e@wsj.com#mailto:dlinzee4e@wsj.com#,Tacoma
5/30/2020,Drone Kits,BYOD-350,89.95,4,359.8,hgoslindk@live.com#mailto:hgoslindk@live.com#,San Jose
7/31/2020,Drone Kits,BYOD-350,89.95,4,359.8,rrichlyg8@infoseek.co.jp#mailto:rrichlyg8@infoseek.co.jp#,Miami Beach
8/24/2020,Drone Kits,BYOD-350,89.95,4,359.8,rjoannet8r@prnewswire.com#mailto:rjoannet8r@prnewswire.com#,San Antonio
1/4/2021,Drone Kits,BYOD-350,89.95,4,359.8,tfaye3w@newsvine.com#mailto:tfaye3w@newsvine.com#,Jersey City
2/28/2021,Drone Kits,BYOD-350,89.95,4,359.8,thonig4c@google.ru#mailto:thonig4c@google.ru#,Maple Plain
6/2/2021,Drone Kits,BYOD-350,89.95,4,359.8,bsambeck4f@wisc.edu#mailto:bsambeck4f@wisc.edu#,San Antonio
6/19/2021,Drone Kits,BYOD-350,89.95,4,359.8,afaucettat@craigslist.org#mailto:afaucettat@craigslist.org#,Indianapolis
12/6/2021,Drone Kits,BYOD-350,89.95,4,359.8,dperellihx@dagondesign.com#mailto:dperellihx@dagondesign.com#,Fairbanks
2/26/2020,Drone Kits,BYOD-400,119,3,357,smarojq@odnoklassniki.ru#mailto:smarojq@odnoklassniki.ru#,Philadelphia
10/1/2020,Drone Kits,BYOD-400,119,3,357,nguionk1@artisteer.com#mailto:nguionk1@artisteer.com#,Sacramento
10/7/2020,Drone Kits,BYOD-400,119,3,357,srisdale6s@purevolume.com#mailto:srisdale6s@purevolume.com#,Salt Lake City
12/14/2020,Drone Kits,BYOD-400,119,3,357,iweddeburn4p@ocn.ne.jp#mailto:iweddeburn4p@ocn.ne.jp#,Harrisburg
2/8/2021,Drone Kits,BYOD-400,119,3,357,rattenbrowb9@jigsy.com#mailto:rattenbrowb9@jigsy.com#,Aurora
4/15/2021,Drone Kits,BYOD-400,119,3,357,dduddanab@furl.net#mailto:dduddanab@furl.net#,Elizabeth
5/4/2021,Drone Kits,BYOD-400,119,3,357,cwatsongg@jimdo.com#mailto:cwatsongg@jimdo.com#,Omaha
5/10/2021,Drone Kits,BYOD-400,119,3,357,jmasseic9@google.it#mailto:jmasseic9@google.it#,Waterbury
6/7/2021,Drone Kits,BYOD-400,119,3,357,mbetkepi@goo.gl#mailto:mbetkepi@goo.gl#,Garland
9/6/2021,Drone Kits,BYOD-400,119,3,357,gagius9a@about.me#mailto:gagius9a@about.me#,Houston
11/30/2021,Drone Kits,BYOD-400,119,3,357,tcoytesas@technorati.com#mailto:tcoytesas@technorati.com#,Monticello
3/7/2021,Drone Kits,BYOD-400,119,6,714,kpriumd9@clickbank.net#mailto:kpriumd9@clickbank.net#,Norfolk
8/24/2021,Drone Kits,BYOD-400,119,6,714,tfaye3w@newsvine.com#mailto:tfaye3w@newsvine.com#,Jersey City
3/24/2020,Drone Kits,BYOD-400,119,5,595,wahmedqj@shareasale.com#mailto:wahmedqj@shareasale.com#,Charleston
5/14/2020,Drone Kits,BYOD-400,119,5,595,kbolingbrokeq1@posterous.com#mailto:kbolingbrokeq1@posterous.com#,Springfield
12/4/2020,Drone Kits,BYOD-400,119,5,595,tpickworth4k@rambler.ru#mailto:tpickworth4k@rambler.ru#,Charlotte
3/26/2021,Drone Kits,BYOD-400,119,5,595,ppunterlx@pcworld.com#mailto:ppunterlx@pcworld.com#,Naples
6/21/2021,Drone Kits,BYOD-400,119,5,595,nseagood4@paginegialle.it#mailto:nseagood4@paginegialle.it#,Houston
5/19/2020,Drone Kits,BYOD-400,119,1,119,dwhitlandrr@w3.org#mailto:dwhitlandrr@w3.org#,Las Vegas
7/17/2021,Drone Kits,BYOD-400,119,1,119,jwileyh2@wordpress.com#mailto:jwileyh2@wordpress.com#,Huntington
4/5/2020,Drone Kits,BYOD-400,119,2,238,kjonesor@addthis.com#mailto:kjonesor@addthis.com#,New York City
8/6/2020,Drone Kits,BYOD-400,119,2,238,ematlockrn@xrea.com#mailto:ematlockrn@xrea.com#,Washington
9/27/2020,Drone Kits,BYOD-400,119,2,238,kessamehc@github.com#mailto:kessamehc@github.com#,Dallas
10/10/2020,Drone Kits,BYOD-400,119,2,238,iarrolog@bloglines.com#mailto:iarrolog@bloglines.com#,Philadelphia
1/6/2021,Drone Kits,BYOD-400,119,2,238,kbonnetmg@google.com.br#mailto:kbonnetmg@google.com.br#,Los Angeles
3/24/2021,Drone Kits,BYOD-400,119,2,238,iasman6a@wired.com#mailto:iasman6a@wired.com#,Pasadena
3/29/2021,Drone Kits,BYOD-400,119,2,238,emcrory6y@mac.com#mailto:emcrory6y@mac.com#,Birmingham
11/3/2021,Drone Kits,BYOD-400,119,2,238,mrollingsonjl@miibeian.gov.cn#mailto:mrollingsonjl@miibeian.gov.cn#,Tyler
1/23/2020,Drone Kits,BYOD-400,119,4,476,dmirrleesnf@sitemeter.com#mailto:dmirrleesnf@sitemeter.com#,Newark
1/30/2020,Drone Kits,BYOD-400,119,4,476,htidmanmv@ucla.edu#mailto:htidmanmv@ucla.edu#,Knoxville
3/21/2020,Drone Kits,BYOD-400,119,4,476,tokeaveny41@fastcompany.com#mailto:tokeaveny41@fastcompany.com#,Houston
6/27/2020,Drone Kits,BYOD-400,119,4,476,ymayzebv@gravatar.com#mailto:ymayzebv@gravatar.com#,Ridgely
8/25/2020,Drone Kits,BYOD-400,119,4,476,cmatthiesonhg@oracle.com#mailto:cmatthiesonhg@oracle.com#,Young America
9/16/2020,Drone Kits,BYOD-400,119,4,476,dsaxton96@cornell.edu#mailto:dsaxton96@cornell.edu#,Duluth
1/3/2021,Drone Kits,BYOD-400,119,4,476,sgeater52@mashable.com#mailto:sgeater52@mashable.com#,Kansas City
1/22/2021,Drone Kits,BYOD-400,119,4,476,fmartinil2@ucoz.ru#mailto:fmartinil2@ucoz.ru#,Chicago
3/22/2021,Drone Kits,BYOD-400,119,4,476,cpriestnalli5@japanpost.jp#mailto:cpriestnalli5@japanpost.jp#,Denton
4/23/2021,Drone Kits,BYOD-400,119,4,476,asheeresf7@reference.com#mailto:asheeresf7@reference.com#,Saint Louis
11/19/2021,Drone Kits,BYOD-400,119,4,476,fstebbings6w@latimes.com#mailto:fstebbings6w@latimes.com#,Richmond
4/20/2020,Drone Kits,BYOD-500,167,5,835,lpilleyi2@moonfruit.com#mailto:lpilleyi2@moonfruit.com#,Charlottesville
5/7/2020,Drone Kits,BYOD-500,167,5,835,zpoolmaniz@linkedin.com#mailto:zpoolmaniz@linkedin.com#,Fargo
6/25/2020,Drone Kits,BYOD-500,167,5,835,btoothillfo@ezinearticles.com#mailto:btoothillfo@ezinearticles.com#,Houston
7/30/2020,Drone Kits,BYOD-500,167,5,835,rvernon5i@dion.ne.jp#mailto:rvernon5i@dion.ne.jp#,Minneapolis
8/4/2020,Drone Kits,BYOD-500,167,5,835,pduboself@photobucket.com#mailto:pduboself@photobucket.com#,Sioux City
2/5/2021,Drone Kits,BYOD-500,167,5,835,nmcsperronj7@miitbeian.gov.cn#mailto:nmcsperronj7@miitbeian.gov.cn#,Los Angeles
3/7/2021,Drone Kits,BYOD-500,167,5,835,cgrzelak1w@feedburner.com#mailto:cgrzelak1w@feedburner.com#,Memphis
3/28/2021,Drone Kits,BYOD-500,167,5,835,croylede@dot.gov#mailto:croylede@dot.gov#,Virginia Beach
4/13/2021,Drone Kits,BYOD-500,167,5,835,fstebbings6w@latimes.com#mailto:fstebbings6w@latimes.com#,Richmond
10/22/2021,Drone Kits,BYOD-500,167,5,835,gcraiseo1@weibo.com#mailto:gcraiseo1@weibo.com#,Rochester
12/10/2021,Drone Kits,BYOD-500,167,5,835,mrodmellaf@feedburner.com#mailto:mrodmellaf@feedburner.com#,Salt Lake City
12/27/2021,Drone Kits,BYOD-500,167,5,835,lfreschini59@histats.com#mailto:lfreschini59@histats.com#,Minneapolis
2/6/2020,Drone Kits,BYOD-500,167,3,501,ljolleyiw@google.de#mailto:ljolleyiw@google.de#,Miami
4/1/2020,Drone Kits,BYOD-500,167,3,501,ysabathe34@wired.com#mailto:ysabathe34@wired.com#,Huntington
4/10/2020,Drone Kits,BYOD-500,167,3,501,sblunsdenkd@geocities.jp#mailto:sblunsdenkd@geocities.jp#,Fort Wayne
6/23/2020,Drone Kits,BYOD-500,167,3,501,rwadelinga6@bloglovin.com#mailto:rwadelinga6@bloglovin.com#,Lexington
8/2/2020,Drone Kits,BYOD-500,167,3,501,dshalloo5i@redcross.org#mailto:dshalloo5i@redcross.org#,Yakima
8/4/2020,Drone Kits,BYOD-500,167,3,501,mtareefc@google.com#mailto:mtareefc@google.com#,Petaluma
8/30/2020,Drone Kits,BYOD-500,167,3,501,mcaddan7a@tinyurl.com#mailto:mcaddan7a@tinyurl.com#,Decatur
12/13/2020,Drone Kits,BYOD-500,167,3,501,tlynock21@wunderground.com#mailto:tlynock21@wunderground.com#,Chico
12/20/2020,Drone Kits,BYOD-500,167,3,501,mellskr@chicagotribune.com#mailto:mellskr@chicagotribune.com#,San Antonio
2/6/2021,Drone Kits,BYOD-500,167,3,501,acumberpatch25@sfgate.com#mailto:acumberpatch25@sfgate.com#,Toledo
2/15/2021,Drone Kits,BYOD-500,167,3,501,ffidellfz@wordpress.com#mailto:ffidellfz@wordpress.com#,Charlotte
2/16/2021,Drone Kits,BYOD-500,167,3,501,tferronibc@instagram.com#mailto:tferronibc@instagram.com#,Des Moines
3/1/2021,Drone Kits,BYOD-500,167,3,501,ddrysdalej8@ucoz.com#mailto:ddrysdalej8@ucoz.com#,Greenville
4/17/2021,Drone Kits,BYOD-500,167,3,501,cvanaw@creativecommons.org#mailto:cvanaw@creativecommons.org#,El Paso
4/19/2021,Drone Kits,BYOD-500,167,3,501,grewcassellp5@noaa.gov#mailto:grewcassellp5@noaa.gov#,Minneapolis
6/23/2021,Drone Kits,BYOD-500,167,3,501,umacaindreisle@4shared.com#mailto:umacaindreisle@4shared.com#,Salt Lake City
9/11/2021,Drone Kits,BYOD-500,167,3,501,wgobeauk5@un.org#mailto:wgobeauk5@un.org#,Reno
12/21/2021,Drone Kits,BYOD-500,167,3,501,ddabinettba@ameblo.jp#mailto:ddabinettba@ameblo.jp#,Indianapolis
6/24/2021,Drone Kits,BYOD-500,167,6,1002,kbolf8z@smh.com.au#mailto:kbolf8z@smh.com.au#,Phoenix
11/29/2021,Drone Kits,BYOD-500,167,6,1002,sactonhe@amazon.co.jp#mailto:sactonhe@amazon.co.jp#,Harrisburg
3/4/2020,Drone Kits,BYOD-500,167,1,167,idurnillms@vinaora.com#mailto:idurnillms@vinaora.com#,Fresno
4/19/2020,Drone Kits,BYOD-500,167,1,167,lwakeforda@reuters.com#mailto:lwakeforda@reuters.com#,Greenville
4/23/2021,Drone Kits,BYOD-500,167,1,167,msuggettgh@php.net#mailto:msuggettgh@php.net#,Cincinnati
8/8/2021,Drone Kits,BYOD-500,167,1,167,mshrubsallpf@psu.edu#mailto:mshrubsallpf@psu.edu#,Louisville
11/29/2021,Drone Kits,BYOD-500,167,1,167,gplainak@canalblog.com#mailto:gplainak@canalblog.com#,Philadelphia
2/15/2020,Drone Kits,BYOD-500,167,2,334,bhargeriehi@bandcamp.com#mailto:bhargeriehi@bandcamp.com#,Phoenix
3/30/2020,Drone Kits,BYOD-500,167,2,334,crubbens6t@disqus.com#mailto:crubbens6t@disqus.com#,Houston
4/10/2020,Drone Kits,BYOD-500,167,2,334,eanfonsipu@wunderground.com#mailto:eanfonsipu@wunderground.com#,Orlando
5/1/2020,Drone Kits,BYOD-500,167,2,334,mkeysp4@gizmodo.com#mailto:mkeysp4@gizmodo.com#,San Bernardino
9/13/2020,Drone Kits,BYOD-500,167,2,334,aainscow1y@fastcompany.com#mailto:aainscow1y@fastcompany.com#,Seattle
10/14/2020,Drone Kits,BYOD-500,167,2,334,llockner5c@pen.io#mailto:llockner5c@pen.io#,Lubbock
12/1/2020,Drone Kits,BYOD-500,167,2,334,aglendzafn@istockphoto.com#mailto:aglendzafn@istockphoto.com#,San Diego
1/4/2021,Drone Kits,BYOD-500,167,2,334,eheatherington2p@google.fr#mailto:eheatherington2p@google.fr#,Omaha
1/25/2021,Drone Kits,BYOD-500,167,2,334,wurenec@uiuc.edu#mailto:wurenec@uiuc.edu#,Dayton
3/1/2021,Drone Kits,BYOD-500,167,2,334,ggheorghieox@washingtonpost.com#mailto:ggheorghieox@washingtonpost.com#,Houston
6/13/2021,Drone Kits,BYOD-500,167,2,334,breubens76@taobao.com#mailto:breubens76@taobao.com#,Richmond
10/31/2021,Drone Kits,BYOD-500,167,2,334,doliverpaullmb@vinaora.com#mailto:doliverpaullmb@vinaora.com#,Fort Wayne
1/11/2020,Drone Kits,BYOD-500,167,4,668,ebartolozzigq@time.com#mailto:ebartolozzigq@time.com#,Glendale
1/26/2020,Drone Kits,BYOD-500,167,4,668,torsman16@quantcast.com#mailto:torsman16@quantcast.com#,Muncie
1/31/2020,Drone Kits,BYOD-500,167,4,668,ldomengetg1@nsw.gov.au#mailto:ldomengetg1@nsw.gov.au#,Scottsdale
2/18/2020,Drone Kits,BYOD-500,167,4,668,mbrabenderar@wikipedia.org#mailto:mbrabenderar@wikipedia.org#,Miami
3/19/2020,Drone Kits,BYOD-500,167,4,668,aambrosi3s@sogou.com#mailto:aambrosi3s@sogou.com#,Albany
5/27/2020,Drone Kits,BYOD-500,167,4,668,cfrerehs@upenn.edu#mailto:cfrerehs@upenn.edu#,Richmond
8/22/2020,Drone Kits,BYOD-500,167,4,668,achesnaymo@ebay.com#mailto:achesnaymo@ebay.com#,Battle Creek
4/15/2021,Drone Kits,BYOD-500,167,4,668,jprandoninu@bbb.org#mailto:jprandoninu@bbb.org#,El Paso
7/20/2021,Drone Kits,BYOD-500,167,4,668,agenders72@virginia.edu#mailto:agenders72@virginia.edu#,Silver Spring
8/5/2021,Drone Kits,BYOD-500,167,4,668,lpetrovicr3@newyorker.com#mailto:lpetrovicr3@newyorker.com#,Roanoke
10/3/2021,Drone Kits,BYOD-500,167,4,668,tshaplingu@google.de#mailto:tshaplingu@google.de#,Springfield
12/11/2021,Drone Kits,BYOD-500,167,4,668,nshaw9u@craigslist.org#mailto:nshaw9u@craigslist.org#,Arlington
5/8/2020,Drone Kits,BYOD-550,179,1,179,lmciverr0@linkedin.com#mailto:lmciverr0@linkedin.com#,Lehigh Acres
10/28/2020,Drone Kits,BYOD-550,179,1,179,dlardezgv@businessinsider.com#mailto:dlardezgv@businessinsider.com#,Fullerton
12/25/2021,Drone Kits,BYOD-550,179,1,179,lstelljes40@storify.com#mailto:lstelljes40@storify.com#,Stockton
1/4/2020,Drone Kits,BYOD-550,179,2,358,nmaven3o@go.com#mailto:nmaven3o@go.com#,Sarasota
5/17/2020,Drone Kits,BYOD-550,179,2,358,ehightown7@free.fr#mailto:ehightown7@free.fr#,Chicago
9/10/2020,Drone Kits,BYOD-550,179,2,358,bfeenanej@hc360.com#mailto:bfeenanej@hc360.com#,Shreveport
10/25/2020,Drone Kits,BYOD-550,179,2,358,dwhittingtoncz@mozilla.org#mailto:dwhittingtoncz@mozilla.org#,Huntsville
1/30/2021,Drone Kits,BYOD-550,179,2,358,cbaylessm3@mayoclinic.com#mailto:cbaylessm3@mayoclinic.com#,Charleston
4/11/2021,Drone Kits,BYOD-550,179,2,358,ssein9u@unesco.org#mailto:ssein9u@unesco.org#,Omaha
6/30/2021,Drone Kits,BYOD-550,179,2,358,ktwallinin@berkeley.edu#mailto:ktwallinin@berkeley.edu#,Falls Church
11/15/2021,Drone Kits,BYOD-550,179,2,358,bdunseathai@cisco.com#mailto:bdunseathai@cisco.com#,Dallas
12/4/2021,Drone Kits,BYOD-550,179,2,358,cpala1d@mysql.com#mailto:cpala1d@mysql.com#,Davenport
3/15/2020,Drone Kits,BYOD-550,179,4,716,wbernolet9v@ft.com#mailto:wbernolet9v@ft.com#,Appleton
4/3/2020,Drone Kits,BYOD-550,179,4,716,aolanda1f@cornell.edu#mailto:aolanda1f@cornell.edu#,Johnstown
9/9/2020,Drone Kits,BYOD-550,179,4,716,wmacdowalb6@themeforest.net#mailto:wmacdowalb6@themeforest.net#,San Diego
11/28/2020,Drone Kits,BYOD-550,179,4,716,aolekhovn7@webmd.com#mailto:aolekhovn7@webmd.com#,Salt Lake City
5/27/2021,Drone Kits,BYOD-550,179,4,716,mferonns@over-blog.com#mailto:mferonns@over-blog.com#,Austin
6/27/2021,Drone Kits,BYOD-550,179,4,716,sdixceekl@vkontakte.ru#mailto:sdixceekl@vkontakte.ru#,Lafayette
7/6/2021,Drone Kits,BYOD-550,179,4,716,ebelamyq5@t-online.de#mailto:ebelamyq5@t-online.de#,Denver
7/10/2021,Drone Kits,BYOD-550,179,4,716,bbowering7w@buzzfeed.com#mailto:bbowering7w@buzzfeed.com#,Brooklyn
8/5/2021,Drone Kits,BYOD-550,179,4,716,sgehringer4s@auda.org.au#mailto:sgehringer4s@auda.org.au#,Boston
10/27/2021,Drone Kits,BYOD-550,179,4,716,sojf@businessinsider.com#mailto:sojf@businessinsider.com#,Omaha
1/18/2020,Drone Kits,BYOD-550,179,3,537,pmcterlaghct@joomla.org#mailto:pmcterlaghct@joomla.org#,Fresno
2/1/2020,Drone Kits,BYOD-550,179,3,537,mhaskins5@ibm.com#mailto:mhaskins5@ibm.com#,Reno
2/6/2020,Drone Kits,BYOD-550,179,3,537,akitchenhamga@tripadvisor.com#mailto:akitchenhamga@tripadvisor.com#,Detroit
6/1/2020,Drone Kits,BYOD-550,179,3,537,ssabbatier5w@mediafire.com#mailto:ssabbatier5w@mediafire.com#,Rochester
11/10/2020,Drone Kits,BYOD-550,179,3,537,egrinleyfb@slate.com#mailto:egrinleyfb@slate.com#,Baton Rouge
12/17/2020,Drone Kits,BYOD-550,179,3,537,lfaggad@shareasale.com#mailto:lfaggad@shareasale.com#,Lake Worth
2/9/2021,Drone Kits,BYOD-550,179,3,537,awoodruffo@techcrunch.com#mailto:awoodruffo@techcrunch.com#,Rochester
6/11/2021,Drone Kits,BYOD-550,179,3,537,dewbanksf0@google.es#mailto:dewbanksf0@google.es#,Scranton
9/11/2021,Drone Kits,BYOD-550,179,3,537,rbagge56@ucla.edu#mailto:rbagge56@ucla.edu#,Saint Paul
9/17/2021,Drone Kits,BYOD-550,179,3,537,dshalloo5i@redcross.org#mailto:dshalloo5i@redcross.org#,Yakima
6/5/2020,Drone Kits,BYOD-550,179,6,1074,gclaitonrh@marketwatch.com#mailto:gclaitonrh@marketwatch.com#,Portland
1/29/2021,Drone Kits,BYOD-550,179,6,1074,zstanes3a@google.com#mailto:zstanes3a@google.com#,Des Moines
11/30/2021,Drone Kits,BYOD-550,179,6,1074,easkella0@eventbrite.com#mailto:easkella0@eventbrite.com#,New Orleans
2/21/2020,Drone Kits,BYOD-550,179,5,895,bmackintoshiu@google.co.jp#mailto:bmackintoshiu@google.co.jp#,Lincoln
5/16/2020,Drone Kits,BYOD-550,179,5,895,ebyrdcf@twitter.com#mailto:ebyrdcf@twitter.com#,Oklahoma City
6/2/2020,Drone Kits,BYOD-550,179,5,895,cmcgaherncd@ucoz.ru#mailto:cmcgaherncd@ucoz.ru#,Minneapolis
6/11/2020,Drone Kits,BYOD-550,179,5,895,cpriestnalli5@japanpost.jp#mailto:cpriestnalli5@japanpost.jp#,Denton
7/10/2020,Drone Kits,BYOD-550,179,5,895,aeddisforder@slate.com#mailto:aeddisforder@slate.com#,Tallahassee
8/21/2020,Drone Kits,BYOD-550,179,5,895,lprobeten@youtube.com#mailto:lprobeten@youtube.com#,Spokane
12/4/2020,Drone Kits,BYOD-550,179,5,895,ibelchem2@webmd.com#mailto:ibelchem2@webmd.com#,Dayton
5/6/2021,Drone Kits,BYOD-550,179,5,895,lhughes8y@qq.com#mailto:lhughes8y@qq.com#,Phoenix
5/23/2021,Drone Kits,BYOD-550,179,5,895,dshelborne6w@4shared.com#mailto:dshelborne6w@4shared.com#,Columbus
8/14/2021,Drone Kits,BYOD-550,179,5,895,adinsec8@cam.ac.uk#mailto:adinsec8@cam.ac.uk#,Simi Valley
9/25/2021,Drone Kits,BYOD-550,179,5,895,nhaglandnj@toplist.cz#mailto:nhaglandnj@toplist.cz#,Tucson
10/19/2021,Drone Kits,BYOD-550,179,5,895,aambrosi3s@sogou.com#mailto:aambrosi3s@sogou.com#,Albany
1/19/2020,Drone Kits,BYOD-400S,129.95,5,649.75,lglabach3k@pagesperso-orange.fr#mailto:lglabach3k@pagesperso-orange.fr#,Roanoke
2/11/2020,Drone Kits,BYOD-400S,129.95,5,649.75,bcrowthergs@cyberchimps.com#mailto:bcrowthergs@cyberchimps.com#,Tucson
5/26/2020,Drone Kits,BYOD-400S,129.95,5,649.75,dhakey77@businessinsider.com#mailto:dhakey77@businessinsider.com#,Norfolk
9/17/2020,Drone Kits,BYOD-400S,129.95,5,649.75,rbagge56@ucla.edu#mailto:rbagge56@ucla.edu#,Saint Paul
10/10/2020,Drone Kits,BYOD-400S,129.95,5,649.75,tlittlejd@liveinternet.ru#mailto:tlittlejd@liveinternet.ru#,Washington
10/18/2020,Drone Kits,BYOD-400S,129.95,5,649.75,akingaby78@deviantart.com#mailto:akingaby78@deviantart.com#,West Palm Beach
10/29/2020,Drone Kits,BYOD-400S,129.95,5,649.75,iduredengd@github.com#mailto:iduredengd@github.com#,Pittsburgh
3/1/2021,Drone Kits,BYOD-400S,129.95,5,649.75,mmenlovelb@sbwire.com#mailto:mmenlovelb@sbwire.com#,Fresno
11/13/2021,Drone Kits,BYOD-400S,129.95,5,649.75,aloniep3@pinterest.com#mailto:aloniep3@pinterest.com#,Bellevue
11/29/2021,Drone Kits,BYOD-400S,129.95,5,649.75,cbarker7t@clickbank.net#mailto:cbarker7t@clickbank.net#,Saint Petersburg
2/10/2020,Drone Kits,BYOD-400S,129.95,1,129.95,aolekhovn7@webmd.com#mailto:aolekhovn7@webmd.com#,Salt Lake City
4/1/2020,Drone Kits,BYOD-400S,129.95,1,129.95,jhamblington1j@omniture.com#mailto:jhamblington1j@omniture.com#,Macon
5/24/2020,Drone Kits,BYOD-400S,129.95,1,129.95,ogottschalk7l@vinaora.com#mailto:ogottschalk7l@vinaora.com#,Minneapolis
5/25/2020,Drone Kits,BYOD-400S,129.95,1,129.95,rcouplandgz@google.com.br#mailto:rcouplandgz@google.com.br#,San Antonio
9/4/2020,Drone Kits,BYOD-400S,129.95,1,129.95,rcokayneh6@sciencedaily.com#mailto:rcokayneh6@sciencedaily.com#,Saint Paul
4/28/2021,Drone Kits,BYOD-400S,129.95,1,129.95,zsarrell9r@jugem.jp#mailto:zsarrell9r@jugem.jp#,Charlotte
7/17/2021,Drone Kits,BYOD-400S,129.95,1,129.95,lrobacknn@newyorker.com#mailto:lrobacknn@newyorker.com#,Madison
10/20/2021,Drone Kits,BYOD-400S,129.95,1,129.95,dhothersall9z@printfriendly.com#mailto:dhothersall9z@printfriendly.com#,Monroe
2/14/2020,Drone Kits,BYOD-400S,129.95,2,259.9,cswanm7@ft.com#mailto:cswanm7@ft.com#,Redwood City
2/21/2020,Drone Kits,BYOD-400S,129.95,2,259.9,bcumberpatchjr@auda.org.au#mailto:bcumberpatchjr@auda.org.au#,Birmingham
8/10/2020,Drone Kits,BYOD-400S,129.95,2,259.9,sinstrell7v@newyorker.com#mailto:sinstrell7v@newyorker.com#,Norwalk
12/5/2020,Drone Kits,BYOD-400S,129.95,2,259.9,astannaskh@usatoday.com#mailto:astannaskh@usatoday.com#,El Paso
1/26/2021,Drone Kits,BYOD-400S,129.95,2,259.9,tantonopoulos8f@virginia.edu#mailto:tantonopoulos8f@virginia.edu#,New Orleans
5/9/2021,Drone Kits,BYOD-400S,129.95,2,259.9,rfrangello6l@icio.us#mailto:rfrangello6l@icio.us#,Cleveland
9/25/2021,Drone Kits,BYOD-400S,129.95,2,259.9,sricciardo57@creativecommons.org#mailto:sricciardo57@creativecommons.org#,San Angelo
2/8/2020,Drone Kits,BYOD-400S,129.95,4,519.8,ecowthart1h@scientificamerican.com#mailto:ecowthart1h@scientificamerican.com#,Saint Paul
3/22/2020,Drone Kits,BYOD-400S,129.95,4,519.8,achristolqa@networksolutions.com#mailto:achristolqa@networksolutions.com#,Charleston
5/4/2020,Drone Kits,BYOD-400S,129.95,4,519.8,bwybrowgy@multiply.com#mailto:bwybrowgy@multiply.com#,Washington
6/11/2020,Drone Kits,BYOD-400S,129.95,4,519.8,ejablonskidi@adobe.com#mailto:ejablonskidi@adobe.com#,Macon
6/19/2020,Drone Kits,BYOD-400S,129.95,4,519.8,tspavon3q@tumblr.com#mailto:tspavon3q@tumblr.com#,Chicago
2/7/2021,Drone Kits,BYOD-400S,129.95,4,519.8,gmander4i@biblegateway.com#mailto:gmander4i@biblegateway.com#,Boise
3/24/2021,Drone Kits,BYOD-400S,129.95,4,519.8,bfernehougho9@com.com#mailto:bfernehougho9@com.com#,Ocala
4/20/2021,Drone Kits,BYOD-400S,129.95,4,519.8,bcordobaeg@google.pl#mailto:bcordobaeg@google.pl#,Washington
7/17/2021,Drone Kits,BYOD-400S,129.95,4,519.8,emcgonigle3v@ifeng.com#mailto:emcgonigle3v@ifeng.com#,Chesapeake
6/16/2020,Drone Kits,BYOD-400S,129.95,3,389.85,csarvarl6@freewebs.com#mailto:csarvarl6@freewebs.com#,Memphis
7/30/2020,Drone Kits,BYOD-400S,129.95,3,389.85,dtheodoris2s@drupal.org#mailto:dtheodoris2s@drupal.org#,Albany
8/3/2020,Drone Kits,BYOD-400S,129.95,3,389.85,ehamprecht18@dot.gov#mailto:ehamprecht18@dot.gov#,Nashville
8/16/2020,Drone Kits,BYOD-400S,129.95,3,389.85,velvidgeid@thetimes.co.uk#mailto:velvidgeid@thetimes.co.uk#,Houston
9/5/2020,Drone Kits,BYOD-400S,129.95,3,389.85,hbamletr9@google.nl#mailto:hbamletr9@google.nl#,Sioux City
1/27/2021,Drone Kits,BYOD-400S,129.95,3,389.85,badamssonfa@webeden.co.uk#mailto:badamssonfa@webeden.co.uk#,Louisville
12/24/2021,Drone Kits,BYOD-400S,129.95,3,389.85,eharmstone9d@unicef.org#mailto:eharmstone9d@unicef.org#,College Station
2/18/2020,Drone Kits,BYOD-400S,129.95,6,779.7,dstuartil@dmoz.org#mailto:dstuartil@dmoz.org#,Little Rock
12/2/2020,Drone Kits,BYOD-400S,129.95,6,779.7,vsitchkp@phoca.cz#mailto:vsitchkp@phoca.cz#,Fresno
9/9/2021,Drone Kits,BYOD-400S,129.95,6,779.7,charrimanlo@meetup.com#mailto:charrimanlo@meetup.com#,York
3/7/2020,Robot Kits,BYOR-1000,189,5,945,olakesar@tripadvisor.com#mailto:olakesar@tripadvisor.com#,Saint Petersburg
4/7/2020,Robot Kits,BYOR-1000,189,5,945,wcreweem@ycombinator.com#mailto:wcreweem@ycombinator.com#,Anchorage
5/21/2020,Robot Kits,BYOR-1000,189,5,945,ddrysdalej8@ucoz.com#mailto:ddrysdalej8@ucoz.com#,Greenville
7/12/2020,Robot Kits,BYOR-1000,189,5,945,bheditchad@icq.com#mailto:bheditchad@icq.com#,Miami
9/4/2020,Robot Kits,BYOR-1000,189,5,945,pwallmanam@booking.com#mailto:pwallmanam@booking.com#,Stamford
11/13/2020,Robot Kits,BYOR-1000,189,5,945,jjordanne@prweb.com#mailto:jjordanne@prweb.com#,Melbourne
2/13/2021,Robot Kits,BYOR-1000,189,5,945,ofedoronkonk@salon.com#mailto:ofedoronkonk@salon.com#,Sunnyvale
5/26/2021,Robot Kits,BYOR-1000,189,5,945,mlochei4@google.ca#mailto:mlochei4@google.ca#,Nashville
6/21/2021,Robot Kits,BYOR-1000,189,5,945,wconybearoy@webnode.com#mailto:wconybearoy@webnode.com#,Austin
7/21/2021,Robot Kits,BYOR-1000,189,5,945,sinstrell7v@newyorker.com#mailto:sinstrell7v@newyorker.com#,Norwalk
1/8/2020,Robot Kits,BYOR-1000,189,1,189,mknyvettt@spiegel.de#mailto:mknyvettt@spiegel.de#,Shawnee Mission
10/24/2020,Robot Kits,BYOR-1000,189,1,189,cpoole8a@europa.eu#mailto:cpoole8a@europa.eu#,Baltimore
6/22/2021,Robot Kits,BYOR-1000,189,1,189,jwoodiercp@netlog.com#mailto:jwoodiercp@netlog.com#,Saint Petersburg
1/31/2020,Robot Kits,BYOR-1000,189,2,378,cshentonl8@java.com#mailto:cshentonl8@java.com#,Cumming
8/12/2020,Robot Kits,BYOR-1000,189,2,378,gjirusekby@360.cn#mailto:gjirusekby@360.cn#,Indianapolis
1/30/2021,Robot Kits,BYOR-1000,189,2,378,tarchnl@gnu.org#mailto:tarchnl@gnu.org#,Peoria
3/22/2021,Robot Kits,BYOR-1000,189,2,378,rvernon5i@dion.ne.jp#mailto:rvernon5i@dion.ne.jp#,Minneapolis
1/21/2020,Robot Kits,BYOR-1000,189,4,756,bwailes4a@mac.com#mailto:bwailes4a@mac.com#,Los Angeles
2/27/2020,Robot Kits,BYOR-1000,189,4,756,mmitroshinovr@sfgate.com#mailto:mmitroshinovr@sfgate.com#,San Francisco
3/2/2020,Robot Kits,BYOR-1000,189,4,756,vrennocks5n@ow.ly#mailto:vrennocks5n@ow.ly#,Evansville
3/9/2020,Robot Kits,BYOR-1000,189,4,756,bscoginm3@yelp.com#mailto:bscoginm3@yelp.com#,Saint Louis
6/29/2020,Robot Kits,BYOR-1000,189,4,756,jliddleiv@skype.com#mailto:jliddleiv@skype.com#,Lexington
7/1/2020,Robot Kits,BYOR-1000,189,4,756,lcreagh2h@weather.com#mailto:lcreagh2h@weather.com#,Brea
7/19/2020,Robot Kits,BYOR-1000,189,4,756,vmoretonpv@google.co.jp#mailto:vmoretonpv@google.co.jp#,Las Vegas
11/2/2020,Robot Kits,BYOR-1000,189,4,756,rgemsongx@dropbox.com#mailto:rgemsongx@dropbox.com#,Tempe
11/8/2020,Robot Kits,BYOR-1000,189,4,756,mghelerdini45@studiopress.com#mailto:mghelerdini45@studiopress.com#,Dallas
11/17/2020,Robot Kits,BYOR-1000,189,4,756,bleek@creativecommons.org#mailto:bleek@creativecommons.org#,Memphis
2/28/2021,Robot Kits,BYOR-1000,189,4,756,mgales3v@123-reg.co.uk#mailto:mgales3v@123-reg.co.uk#,Alhambra
5/23/2021,Robot Kits,BYOR-1000,189,4,756,pemlochdy@ebay.co.uk#mailto:pemlochdy@ebay.co.uk#,Provo
5/30/2021,Robot Kits,BYOR-1000,189,4,756,sevason91@berkeley.edu#mailto:sevason91@berkeley.edu#,Pittsburgh
7/24/2021,Robot Kits,BYOR-1000,189,4,756,bmourant33@bluehost.com#mailto:bmourant33@bluehost.com#,Evansville
9/24/2021,Robot Kits,BYOR-1000,189,4,756,hfaulconerbv@msu.edu#mailto:hfaulconerbv@msu.edu#,Galveston
10/6/2021,Robot Kits,BYOR-1000,189,4,756,jnowlandms@cbsnews.com#mailto:jnowlandms@cbsnews.com#,Schenectady
12/31/2021,Robot Kits,BYOR-1000,189,4,756,nmotherwello3@istockphoto.com#mailto:nmotherwello3@istockphoto.com#,Atlanta
2/9/2020,Robot Kits,BYOR-1000,189,3,567,vblackwoodmf@tinyurl.com#mailto:vblackwoodmf@tinyurl.com#,Atlanta
2/10/2020,Robot Kits,BYOR-1000,189,3,567,jhallidayrl@dell.com#mailto:jhallidayrl@dell.com#,Portland
4/3/2020,Robot Kits,BYOR-1000,189,3,567,tniezen6u@symantec.com#mailto:tniezen6u@symantec.com#,Las Vegas
5/20/2020,Robot Kits,BYOR-1000,189,3,567,bmcconigalrm@si.edu#mailto:bmcconigalrm@si.edu#,Peoria
5/28/2020,Robot Kits,BYOR-1000,189,3,567,dhenlonc2@blogs.com#mailto:dhenlonc2@blogs.com#,Denver
6/16/2020,Robot Kits,BYOR-1000,189,3,567,ebyrdcf@twitter.com#mailto:ebyrdcf@twitter.com#,Oklahoma City
7/1/2020,Robot Kits,BYOR-1000,189,3,567,jmilbyft@flavors.me#mailto:jmilbyft@flavors.me#,Roanoke
9/9/2020,Robot Kits,BYOR-1000,189,3,567,ljacklinci@hatena.ne.jp#mailto:ljacklinci@hatena.ne.jp#,San Diego
1/11/2021,Robot Kits,BYOR-1000,189,3,567,imcshirrie2f@squidoo.com#mailto:imcshirrie2f@squidoo.com#,Hot Springs National Park
2/1/2021,Robot Kits,BYOR-1000,189,3,567,rthaxter82@intel.com#mailto:rthaxter82@intel.com#,Lees Summit
4/14/2021,Robot Kits,BYOR-1000,189,3,567,nclandillon9s@huffingtonpost.com#mailto:nclandillon9s@huffingtonpost.com#,Lincoln
5/23/2021,Robot Kits,BYOR-1000,189,3,567,fspencleyqv@posterous.com#mailto:fspencleyqv@posterous.com#,Chicago
6/9/2021,Robot Kits,BYOR-1000,189,3,567,avolkernk@pen.io#mailto:avolkernk@pen.io#,Idaho Falls
6/12/2021,Robot Kits,BYOR-1000,189,3,567,rcharville3k@ovh.net#mailto:rcharville3k@ovh.net#,Anniston
7/6/2021,Robot Kits,BYOR-1000,189,3,567,mbignall8i@vinaora.com#mailto:mbignall8i@vinaora.com#,Sterling
7/27/2021,Robot Kits,BYOR-1000,189,3,567,sdixceekl@vkontakte.ru#mailto:sdixceekl@vkontakte.ru#,Lafayette
9/6/2021,Robot Kits,BYOR-1000,189,3,567,tcoytesas@technorati.com#mailto:tcoytesas@technorati.com#,Monticello
11/18/2021,Robot Kits,BYOR-1000,189,3,567,ntolussidy@sciencedaily.com#mailto:ntolussidy@sciencedaily.com#,El Paso
11/21/2021,Robot Kits,BYOR-1000,189,3,567,ekondratowiczqh@photobucket.com#mailto:ekondratowiczqh@photobucket.com#,El Paso
11/27/2021,Robot Kits,BYOR-1000,189,3,567,iweddeburn4p@ocn.ne.jp#mailto:iweddeburn4p@ocn.ne.jp#,Harrisburg
12/29/2021,Robot Kits,BYOR-1000,189,3,567,ldambrogiij@merriam-webster.com#mailto:ldambrogiij@merriam-webster.com#,Columbia
8/24/2020,Robot Kits,BYOR-1000,189,6,1134,rshielcz@photobucket.com#mailto:rshielcz@photobucket.com#,Brooklyn
1/19/2020,Robot Kits,BYOR-1500,189,5,945,dfison78@163.com#mailto:dfison78@163.com#,Long Beach
3/22/2020,Robot Kits,BYOR-1500,189,5,945,lstubbinsmv@livejournal.com#mailto:lstubbinsmv@livejournal.com#,Chattanooga
10/23/2020,Robot Kits,BYOR-1500,189,5,945,babrahamssonje@twitter.com#mailto:babrahamssonje@twitter.com#,Philadelphia
11/15/2020,Robot Kits,BYOR-1500,189,5,945,cseageev@slate.com#mailto:cseageev@slate.com#,San Diego
11/16/2020,Robot Kits,BYOR-1500,189,5,945,kdjurdjevicim@harvard.edu#mailto:kdjurdjevicim@harvard.edu#,Mobile
12/17/2020,Robot Kits,BYOR-1500,189,5,945,hbrisleygo@telegraph.co.uk#mailto:hbrisleygo@telegraph.co.uk#,Omaha
12/18/2020,Robot Kits,BYOR-1500,189,5,945,ascranny8u@tmall.com#mailto:ascranny8u@tmall.com#,Chicago
6/3/2021,Robot Kits,BYOR-1500,189,5,945,jnizet22@multiply.com#mailto:jnizet22@multiply.com#,Dearborn
12/22/2021,Robot Kits,BYOR-1500,189,5,945,lstelljes40@storify.com#mailto:lstelljes40@storify.com#,Stockton
4/21/2020,Robot Kits,BYOR-1500,189,1,189,eblackader1@timesonline.co.uk#mailto:eblackader1@timesonline.co.uk#,Stockton
5/13/2020,Robot Kits,BYOR-1500,189,1,189,mnurdinku@nydailynews.com#mailto:mnurdinku@nydailynews.com#,Roanoke